booking_id,user_id,partner_id,booking_date,travel_date,amount_usd,destination_country,booking_status
1,167,20,2024-03-06,2025-11-22,1747.28,Netherlands Antilles,Confirmed
2,37,8,2024-06-12,2025-05-15,550.42,Belarus,Confirmed
3,190,27,2023-06-29,2025-12-06,671.87,Mozambique,Confirmed
4,48,24,2023-12-22,2025-08-26,1386.81,Micronesia,Pending
5,84,12,2025-04-06,2026-05-12,,Korea,Pending
6,123,9,2025-02-13,2025-05-18,1641.99,Falkland Islands (Malvinas),Cancelled
7,140,3,2024-02-08,2025-12-26,890.6,American Samoa,Pending
8,34,14,2024-04-13,2026-02-15,1493.6,France,Cancelled
9,28,1,2024-03-20,2026-02-02,934.54,Reunion,Confirmed
10,150,20,2025-05-07,2025-08-03,786.62,Russian Federation,Confirmed
11,151,7,2023-05-27,2025-10-11,1695.27,Antarctica (the territory South of 60 deg S),Cancelled
12,117,18,2023-06-18,2025-09-21,188.71,Saudi Arabia,Cancelled
13,81,26,2023-08-21,2025-08-05,195.3,Tanzania,Cancelled
14,74,3,2024-08-20,2025-12-10,,Guinea-Bissau,Pending
15,62,22,2023-09-03,2025-11-09,1795.06,Canada,Cancelled
16,127,28,2024-08-25,2025-11-17,1158.82,Faroe Islands,Confirmed
17,82,17,2024-04-17,2025-12-17,333.94,Serbia,Confirmed
18,153,15,2025-02-24,2026-03-31,863.37,Poland,Cancelled
19,103,19,2025-03-10,2025-09-05,1774.64,Eritrea,Pending
20,177,30,2024-11-08,2026-01-30,1828.91,Bolivia,Confirmed
21,34,6,2024-11-01,2025-06-18,399.78,Faroe Islands,Pending
22,153,25,2023-07-26,2025-11-24,1051.33,Bangladesh,Pending
23,28,7,2023-12-27,2026-01-21,1125.15,Kyrgyz Republic,Pending
24,57,14,2023-06-19,2026-01-04,1475.54,France,Cancelled
25,70,25,2023-06-10,2025-10-05,1685.54,Antarctica (the territory South of 60 deg S),Confirmed
26,61,26,2025-05-04,2026-05-08,1704.98,Austria,Pending
27,68,30,2024-10-27,2025-06-15,101.89,Bhutan,Confirmed
28,73,2,2024-11-29,2025-08-07,1841.56,Martinique,Pending
29,24,14,2025-02-18,2025-05-25,1367.58,Paraguay,Cancelled
30,175,27,2024-04-15,2025-10-16,664.54,Micronesia,Pending
31,105,13,2024-06-15,2026-01-30,1079.35,Turkey,Confirmed
32,112,10,2024-07-06,2025-07-14,1774.44,Sierra Leone,Confirmed
33,145,18,2024-04-21,2025-08-01,1691.75,Belize,Confirmed
34,124,4,2023-07-20,2025-05-26,555.09,Guernsey,Cancelled
35,3,24,2024-04-20,2026-02-03,347.82,Lithuania,Cancelled
36,13,22,2025-04-23,2025-09-26,125.1,Greece,Cancelled
37,75,18,2025-03-27,2026-04-12,529.83,Rwanda,Confirmed
38,182,11,2024-09-19,2026-01-12,1917.51,Estonia,Confirmed
39,191,2,2024-12-09,2025-09-10,1767.13,Palestinian Territory,Pending
40,9,20,2024-07-11,2026-01-08,1117.75,Bosnia and Herzegovina,Pending
41,131,12,2025-05-08,2026-05-06,1375.7,Taiwan,Pending
42,8,15,2024-05-16,2025-08-19,1688.19,Sudan,Cancelled
43,2,28,2024-01-28,2026-05-03,1138.94,Saint Kitts and Nevis,Cancelled
44,171,30,2023-05-23,2025-07-08,119.82,Qatar,Cancelled
45,66,22,2023-07-05,2025-06-05,1275.2,Guernsey,Pending
46,42,30,2023-07-25,2025-06-13,869.02,Somalia,Pending
47,102,4,2024-05-12,2026-01-13,254.67,Vietnam,Pending
48,41,23,2024-11-11,2025-08-14,754.02,United Arab Emirates,Pending
49,71,15,2024-01-25,2026-02-10,407.11,Botswana,Pending
50,22,19,2023-06-28,2025-10-17,88.83,Panama,Pending
51,40,22,2024-06-25,2025-07-05,1558.23,Guyana,Confirmed
52,161,9,2024-12-05,2026-01-14,551.88,Rwanda,Pending
53,181,25,2025-01-03,2026-04-08,1332.19,Ecuador,Pending
54,138,13,2024-07-30,2025-05-31,1876.63,Lao People's Democratic Republic,Confirmed
55,42,11,2024-05-13,2025-06-07,1671.93,San Marino,Pending
56,154,14,2024-12-16,2025-11-08,617.05,Bhutan,Cancelled
57,131,3,2024-07-06,2025-08-16,1698.66,Lao People's Democratic Republic,Confirmed
58,22,13,2023-09-15,2026-04-26,628.15,Liberia,Pending
59,140,1,2023-12-11,2025-12-03,1701.26,Wallis and Futuna,Confirmed
60,175,27,2024-07-19,2025-09-10,1742.6,Zambia,Cancelled
61,184,26,2023-05-31,2025-12-02,531.14,Thailand,Confirmed
62,78,29,2024-11-02,2026-02-05,473.13,Bhutan,Pending
63,116,25,2024-04-05,2026-01-14,1946.35,Senegal,Pending
64,88,27,2024-01-14,2025-11-12,1730.6,Togo,Confirmed
65,60,10,2024-05-06,2026-04-07,1225.3,Northern Mariana Islands,Cancelled
66,22,30,2024-09-22,2025-06-14,1474.07,Burundi,Cancelled
67,194,29,2024-04-28,2026-03-16,260.3,Madagascar,Confirmed
68,114,27,2024-06-28,2025-09-17,446.99,Albania,Cancelled
69,156,16,2023-10-27,2026-02-03,311.65,Peru,Confirmed
70,115,23,2024-09-13,2026-05-04,,Bahrain,Cancelled
71,88,15,2023-07-05,2026-05-09,1682.16,Guyana,Pending
72,48,24,2023-10-21,2025-07-01,148.01,Malta,Cancelled
73,69,1,2025-02-24,2025-12-20,247.83,Eritrea,Pending
74,89,30,2024-12-03,2026-01-01,81.98,Bahamas,Confirmed
75,96,6,2023-07-02,2025-05-24,1745.13,Switzerland,Pending
76,160,27,2023-09-15,2026-04-23,1580.97,Costa Rica,Cancelled
77,68,4,2023-08-01,2026-04-08,519.07,Nepal,Cancelled
78,113,24,2024-07-28,2025-05-30,429.17,Luxembourg,Cancelled
79,75,15,2025-05-04,2026-03-11,1253.5,Lithuania,Pending
80,133,5,2025-02-05,2026-03-21,1755.55,Hong Kong,Confirmed
81,161,27,2024-12-05,2025-06-02,498.16,Syrian Arab Republic,Confirmed
82,105,1,2023-12-15,2026-04-23,477.56,South Africa,Cancelled
83,103,18,2024-07-05,2025-06-29,71.01,Guinea,Confirmed
84,14,13,2024-12-27,2025-08-25,709.19,Albania,Pending
85,148,9,2024-10-18,2025-12-08,407.49,Tajikistan,Cancelled
86,46,10,2024-10-04,2026-02-11,1051.43,Jersey,Confirmed
87,47,20,2024-09-16,2025-09-17,636.88,Belgium,Confirmed
88,10,13,2023-12-17,2025-12-15,924.17,South Africa,Cancelled
89,195,27,2025-04-11,2026-03-09,553.66,Anguilla,Pending
90,16,16,2024-01-06,2025-11-02,,Ghana,Pending
91,54,22,2024-12-30,2025-11-02,1008.94,Ecuador,Cancelled
92,22,13,2025-02-09,2025-09-06,1524.75,Uganda,Pending
93,166,20,2023-12-08,2025-10-31,983.41,Monaco,Confirmed
94,185,16,2024-09-04,2026-04-23,468.82,American Samoa,Cancelled
95,193,11,2023-08-13,2026-04-21,1424.5,Honduras,Confirmed
96,109,13,2025-01-16,2025-06-23,1149.66,Faroe Islands,Cancelled
97,178,13,2025-01-23,2025-06-04,463.28,Svalbard & Jan Mayen Islands,Confirmed
98,59,22,2024-04-24,2025-08-03,243.4,Bangladesh,Pending
99,177,10,2023-06-01,2025-06-11,1183.99,Philippines,Confirmed
100,101,30,2025-01-18,2026-05-04,730.86,Papua New Guinea,Confirmed
101,175,18,2024-08-16,2026-01-27,286.27,Faroe Islands,Confirmed
102,19,17,2024-04-17,2025-12-11,961.82,Bahrain,Cancelled
103,147,6,2024-01-06,2026-04-16,368.55,Zimbabwe,Cancelled
104,85,28,2024-10-28,2026-04-05,1256.43,Kazakhstan,Cancelled
105,2,13,2023-08-31,2025-05-29,1693.03,Bermuda,Pending
106,145,22,2024-05-23,2025-06-09,1700.38,Guinea-Bissau,Cancelled
107,29,5,2023-10-11,2025-08-22,1164.25,Uruguay,Confirmed
108,158,12,2025-03-10,2025-08-31,1351.72,Bangladesh,Confirmed
109,26,11,2023-10-16,2026-03-24,1583.39,Tanzania,Confirmed
110,173,23,2025-02-07,2025-08-26,1554.25,Martinique,Confirmed
111,41,26,2024-02-02,2026-02-26,941.99,Mozambique,Confirmed
112,86,29,2024-08-18,2026-03-11,,Iceland,Confirmed
113,34,23,2024-10-17,2025-08-29,579.84,Burundi,Cancelled
114,57,3,2023-10-24,2026-03-27,1688.18,Nigeria,Confirmed
115,182,23,2024-12-23,2025-09-19,1442.08,Slovenia,Confirmed
116,38,10,2024-01-09,2025-12-01,1352.43,Nauru,Confirmed
117,132,2,2025-03-11,2025-12-12,682.75,Ukraine,Pending
118,84,24,2025-01-24,2025-09-04,165.35,Aruba,Cancelled
119,114,1,2024-08-28,2026-02-25,699.25,Cape Verde,Pending
120,195,19,2024-04-11,2025-11-11,1490.02,United Kingdom,Confirmed
121,47,4,2024-01-06,2025-07-01,1368.11,Samoa,Pending
122,127,14,2024-07-06,2025-09-26,280.9,Aruba,Confirmed
123,198,10,2024-03-19,2025-12-07,1575.28,Mayotte,Confirmed
124,16,16,2025-03-16,2025-12-17,255.27,Jamaica,Cancelled
125,144,24,2025-02-22,2025-11-20,106.53,Cocos (Keeling) Islands,Cancelled
126,141,21,2023-07-30,2025-07-13,351.8,Bangladesh,Confirmed
127,5,17,2023-07-02,2025-07-12,1375.37,Comoros,Pending
128,93,24,2023-10-11,2025-11-10,1214.23,Guam,Cancelled
129,6,10,2023-12-06,2025-07-15,875.84,Uruguay,Pending
130,38,19,2024-03-06,2026-05-03,858.88,Mauritania,Confirmed
131,51,5,2025-01-26,2026-01-22,354.45,Poland,Pending
132,173,30,2025-01-22,2025-05-27,1892.4,Yemen,Confirmed
133,104,27,2024-05-19,2026-01-22,1415.18,Netherlands,Pending
134,12,5,2023-12-28,2026-04-25,575.69,Bolivia,Confirmed
135,96,7,2024-04-04,2025-11-23,1730.94,Trinidad and Tobago,Confirmed
136,78,16,2023-06-20,2025-12-17,974.31,Guinea-Bissau,Cancelled
137,91,19,2024-01-30,2025-11-02,1272.59,Sweden,Cancelled
138,29,21,2023-07-09,2025-08-16,1028.83,Gambia,Confirmed
139,167,10,2024-07-15,2025-08-24,1532.71,Congo,Cancelled
140,43,21,2024-04-02,2026-03-12,154.69,Antigua and Barbuda,Confirmed
141,40,24,2024-05-21,2025-10-03,382.02,United States Virgin Islands,Confirmed
142,30,15,2024-10-02,2025-07-01,786.38,Lebanon,Confirmed
143,117,6,2023-09-29,2026-01-15,205.32,Sao Tome and Principe,Confirmed
144,31,8,2023-11-06,2025-10-23,1311.87,Cape Verde,Pending
145,166,10,2023-12-07,2025-07-22,1592.05,Colombia,Pending
146,20,29,2023-09-15,2025-07-30,322.18,Slovenia,Pending
147,174,8,2024-04-24,2026-02-15,829.37,Ireland,Confirmed
148,69,24,2024-07-30,2025-09-29,836.93,Guam,Pending
149,13,20,2024-03-23,2026-04-07,528.83,Qatar,Pending
150,107,2,2024-06-10,2025-10-05,1402.57,Czech Republic,Confirmed
151,125,17,2024-03-17,2026-01-24,373.13,Tokelau,Cancelled
152,128,3,2024-08-21,2026-04-30,892.4,Namibia,Confirmed
153,24,2,2025-05-08,2026-03-21,1284.33,Antarctica (the territory South of 60 deg S),Pending
154,108,6,2023-10-16,2025-11-05,1621.01,Cook Islands,Cancelled
155,33,20,2024-09-14,2026-03-05,1471.69,Kyrgyz Republic,Pending
156,166,30,2023-07-03,2025-11-29,1098.92,Nepal,Pending
157,146,6,2023-05-18,2025-12-16,509.54,Tuvalu,Confirmed
158,107,9,2024-05-28,2025-08-15,907.91,Lithuania,Pending
159,92,16,2023-11-04,2026-01-25,,Myanmar,Confirmed
160,129,15,2023-07-27,2025-08-22,296.06,French Southern Territories,Cancelled
161,4,27,2024-03-01,2025-11-23,1282.03,Morocco,Pending
162,124,17,2023-10-28,2026-01-29,224.19,Montenegro,Cancelled
163,57,28,2024-10-04,2025-05-28,164.54,Hong Kong,Confirmed
164,104,1,2024-09-24,2025-08-23,1914.21,Austria,Cancelled
165,35,9,2023-11-14,2025-11-02,801.34,Greenland,Cancelled
166,79,27,2023-08-19,2026-04-03,1022.4,Nicaragua,Pending
167,40,26,2023-07-02,2026-05-12,954.98,Mali,Confirmed
168,58,23,2025-04-24,2026-04-26,257.5,Japan,Cancelled
169,2,21,2024-07-31,2025-09-11,1822.62,Latvia,Cancelled
170,152,3,2024-09-20,2026-05-03,1272.89,Malta,Confirmed
171,149,30,2024-03-13,2025-10-17,1409.55,Guatemala,Pending
172,4,6,2024-03-02,2025-11-16,1293.79,Saint Vincent and the Grenadines,Pending
173,47,18,2024-05-09,2026-03-28,1734.71,Saint Kitts and Nevis,Confirmed
174,195,7,2025-02-15,2025-08-04,1589.9,Israel,Confirmed
175,180,9,2024-03-24,2025-11-08,1908.43,Liberia,Cancelled
176,182,26,2024-07-15,2025-07-08,1901.7,Sweden,Cancelled
177,48,20,2023-07-06,2025-12-30,1042.02,Liechtenstein,Confirmed
178,115,11,2024-07-11,2025-10-12,93.18,Lebanon,Cancelled
179,28,13,2024-04-02,2025-08-17,1158.03,Qatar,Confirmed
180,154,2,2023-07-21,2025-08-24,1289.41,British Virgin Islands,Pending
181,36,16,2024-04-05,2026-01-09,568.5,Spain,Confirmed
182,51,5,2023-10-28,2026-01-07,293.07,Israel,Pending
183,10,25,2025-02-23,2025-08-12,559.52,Cameroon,Cancelled
184,144,28,2024-02-11,2025-06-10,547.36,Latvia,Cancelled
185,76,10,2024-06-26,2025-09-16,1397.09,Czech Republic,Pending
186,195,24,2023-09-25,2025-05-28,761.33,Nauru,Cancelled
187,23,25,2024-04-09,2025-11-21,1848.93,Russian Federation,Cancelled
188,154,11,2023-09-02,2026-01-27,347.81,Indonesia,Pending
189,51,1,2023-08-10,2025-09-19,1563.1,Belgium,Pending
190,132,27,2024-09-12,2026-02-12,824.32,Guadeloupe,Cancelled
191,21,30,2024-12-24,2026-02-26,212.49,Angola,Cancelled
192,170,4,2024-03-29,2026-04-23,162.51,Albania,Confirmed
193,80,24,2023-12-15,2025-12-31,1045.12,Niger,Pending
194,170,2,2024-11-09,2025-11-24,607.85,Papua New Guinea,Cancelled
195,27,19,2024-04-23,2025-09-02,924.18,Palau,Confirmed
196,124,30,2024-01-22,2026-02-06,316.33,Sao Tome and Principe,Cancelled
197,37,19,2023-12-10,2026-02-15,1976.0,Guyana,Confirmed
198,122,21,2024-06-13,2026-04-22,1321.59,Northern Mariana Islands,Cancelled
199,111,22,2024-07-26,2025-07-13,691.1,Bosnia and Herzegovina,Cancelled
200,180,20,2025-02-15,2025-11-09,152.0,Georgia,Cancelled
201,129,10,2024-07-24,2025-07-12,,Iraq,Confirmed
202,73,13,2023-08-15,2025-10-14,1995.72,Cuba,Confirmed
203,132,14,2024-08-16,2025-12-25,266.69,Greenland,Confirmed
204,119,13,2024-04-19,2025-06-30,1195.28,Martinique,Cancelled
205,87,16,2025-03-21,2025-06-25,1218.24,Switzerland,Cancelled
206,197,22,2024-08-31,2026-02-17,204.79,Afghanistan,Confirmed
207,92,3,2023-12-21,2025-08-09,973.57,Pakistan,Cancelled
208,153,30,2024-01-10,2026-02-09,1320.93,Bermuda,Confirmed
209,109,4,2025-01-12,2025-10-08,919.54,Hungary,Confirmed
210,198,26,2024-04-15,2025-12-12,334.99,Lesotho,Confirmed
211,39,5,2024-02-18,2025-08-24,1690.01,Botswana,Cancelled
212,78,1,2025-01-03,2026-03-04,1496.63,Nicaragua,Cancelled
213,23,13,2023-10-25,2025-08-24,1590.23,Korea,Pending
214,4,3,2023-08-25,2025-10-11,373.79,Switzerland,Pending
215,126,20,2024-04-20,2026-01-28,1969.22,Philippines,Cancelled
216,79,14,2023-11-23,2025-09-20,957.61,Cameroon,Cancelled
217,115,25,2024-11-06,2025-12-17,249.41,Jamaica,Confirmed
218,56,15,2024-03-26,2026-04-13,264.9,Christmas Island,Pending
219,19,30,2024-02-06,2026-05-13,675.56,Germany,Pending
220,87,23,2023-08-24,2025-07-26,731.55,Finland,Cancelled
221,172,5,2024-11-11,2025-06-01,1174.02,Zambia,Cancelled
222,87,25,2025-01-21,2025-07-18,688.74,Mali,Cancelled
223,22,2,2023-12-04,2025-10-15,958.3,Guyana,Pending
224,119,8,2023-10-23,2026-05-12,844.95,Georgia,Pending
225,108,13,2024-09-12,2026-03-05,1310.01,Suriname,Pending
226,183,17,2024-12-18,2025-08-16,76.24,Tuvalu,Confirmed
227,196,18,2025-05-13,2025-11-21,1516.15,Suriname,Pending
228,137,7,2024-04-01,2026-05-02,1507.23,Sudan,Pending
229,71,20,2024-09-14,2025-05-17,701.52,Tonga,Pending
230,27,12,2024-05-11,2025-10-09,53.33,Vietnam,Pending
231,20,5,2023-07-05,2025-09-10,1438.06,Pitcairn Islands,Cancelled
232,172,17,2024-01-30,2025-05-16,1147.1,Montserrat,Confirmed
233,131,1,2024-02-21,2025-08-27,122.17,Comoros,Confirmed
234,73,19,2023-12-10,2025-08-02,414.43,Myanmar,Confirmed
235,2,20,2025-01-20,2025-12-01,1352.34,Maldives,Cancelled
236,129,24,2024-05-14,2025-06-10,188.82,Switzerland,Cancelled
237,69,28,2023-05-23,2026-03-23,518.16,Australia,Confirmed
238,163,7,2024-02-29,2025-10-05,578.84,American Samoa,Confirmed
239,147,1,2024-10-17,2025-05-25,1575.4,Tunisia,Pending
240,124,28,2023-09-09,2025-11-17,1681.79,Slovakia (Slovak Republic),Pending
241,52,11,2023-08-10,2026-05-04,1440.19,Heard Island and McDonald Islands,Pending
242,72,20,2023-08-16,2025-12-21,1918.61,Dominican Republic,Pending
243,171,21,2024-09-20,2026-04-19,1853.75,Benin,Pending
244,13,12,2025-02-04,2025-09-13,143.5,Bolivia,Cancelled
245,169,4,2023-08-09,2025-12-04,949.31,Eritrea,Cancelled
246,20,1,2023-05-26,2026-02-12,861.96,Czech Republic,Pending
247,101,15,2024-04-15,2025-11-12,667.76,Luxembourg,Cancelled
248,19,22,2024-07-11,2026-04-22,866.05,Gambia,Pending
249,135,19,2024-08-28,2025-09-26,1931.24,Wallis and Futuna,Confirmed
250,93,16,2024-03-16,2026-01-10,1628.07,Saint Pierre and Miquelon,Pending
251,122,24,2023-11-17,2025-10-27,1959.48,Georgia,Pending
252,123,10,2024-06-26,2025-10-29,509.9,Philippines,Cancelled
253,133,1,2023-09-23,2026-01-17,1270.74,Serbia,Cancelled
254,174,30,2024-08-08,2026-04-20,1508.97,New Caledonia,Confirmed
255,73,2,2025-02-20,2025-06-20,1916.68,Ukraine,Pending
256,66,23,2023-07-03,2026-05-12,127.61,Namibia,Confirmed
257,111,14,2025-01-01,2025-06-21,1479.58,Algeria,Cancelled
258,23,10,2025-03-02,2025-10-21,404.91,Malawi,Cancelled
259,73,17,2024-03-13,2025-06-30,995.14,Gabon,Cancelled
260,117,24,2024-02-26,2025-06-30,801.76,French Polynesia,Confirmed
261,3,7,2023-12-23,2025-06-09,765.95,Andorra,Pending
262,79,6,2024-06-09,2026-04-06,561.19,Uruguay,Pending
263,5,13,2023-06-13,2026-02-19,1767.22,Zimbabwe,Confirmed
264,192,30,2024-04-09,2026-03-24,1755.75,Hungary,Cancelled
265,80,22,2024-12-11,2026-03-19,309.12,Vietnam,Cancelled
266,189,22,2025-01-12,2025-09-18,1756.68,Peru,Confirmed
267,139,30,2024-12-21,2026-04-06,1323.04,French Guiana,Pending
268,82,8,2024-04-02,2025-12-03,475.92,American Samoa,Cancelled
269,95,17,2023-08-23,2025-08-10,679.43,Macedonia,Pending
270,3,21,2023-10-23,2026-02-26,1530.01,Tanzania,Cancelled
271,92,10,2024-10-28,2025-12-13,1683.68,Kazakhstan,Confirmed
272,62,28,2025-03-28,2025-11-22,1004.71,Cook Islands,Pending
273,61,13,2024-01-17,2026-04-21,579.92,Niue,Pending
274,165,26,2024-12-14,2026-02-24,1838.13,Cuba,Pending
275,86,23,2024-08-13,2025-07-11,1675.72,Mozambique,Pending
276,87,3,2025-02-21,2026-04-15,1843.86,Norway,Pending
277,129,16,2024-08-27,2025-10-07,634.5,Palau,Confirmed
278,156,8,2025-01-23,2025-08-03,1786.06,Benin,Pending
279,36,18,2023-06-08,2025-06-30,1776.63,Bermuda,Confirmed
280,181,8,2025-02-09,2025-10-02,1446.51,Montenegro,Pending
281,41,26,2024-11-01,2025-08-04,1633.18,Tajikistan,Pending
282,153,26,2024-05-27,2025-12-09,507.26,Cook Islands,Cancelled
283,189,21,2024-04-19,2025-07-21,424.01,Botswana,Cancelled
284,92,19,2023-10-04,2025-11-04,552.35,Libyan Arab Jamahiriya,Confirmed
285,94,27,2024-05-26,2026-04-07,1194.77,Czech Republic,Pending
286,182,11,2024-06-29,2025-11-23,716.68,Bhutan,Confirmed
287,91,24,2024-02-18,2026-02-20,1215.57,Antigua and Barbuda,Pending
288,104,3,2023-08-18,2025-05-27,476.04,Philippines,Pending
289,146,26,2024-12-28,2025-09-29,621.31,Niue,Cancelled
290,32,26,2025-05-07,2025-12-23,1794.2,Equatorial Guinea,Cancelled
291,119,6,2023-10-06,2025-08-19,55.85,Congo,Pending
292,123,21,2025-03-05,2026-01-15,1513.95,Netherlands Antilles,Cancelled
293,112,15,2024-11-10,2025-07-12,464.79,British Virgin Islands,Pending
294,20,3,2023-09-12,2025-10-28,335.86,Liberia,Pending
295,95,7,2024-12-13,2025-06-17,669.2,Namibia,Cancelled
296,134,18,2024-01-20,2025-11-03,538.18,Mauritius,Confirmed
297,140,5,2024-10-27,2025-10-14,1527.27,Lao People's Democratic Republic,Pending
298,23,17,2024-02-26,2025-10-05,1574.92,Guam,Pending
299,14,5,2024-06-22,2026-05-06,1543.16,Saint Lucia,Confirmed
300,62,4,2023-06-17,2026-02-04,,Mauritius,Pending
301,1,17,2023-12-07,2025-10-15,1913.76,Algeria,Cancelled
302,102,12,2024-09-27,2026-01-07,1212.78,Sudan,Confirmed
303,170,26,2024-12-05,2025-12-22,509.8,Colombia,Confirmed
304,141,18,2023-08-14,2025-08-31,1925.11,Madagascar,Confirmed
305,103,27,2024-11-09,2025-06-16,1916.16,Kyrgyz Republic,Confirmed
306,37,11,2025-02-09,2025-12-22,796.61,Rwanda,Pending
307,21,29,2023-06-22,2026-03-27,1049.27,Togo,Cancelled
308,114,9,2024-02-27,2026-04-18,583.83,Malawi,Pending
309,102,1,2023-09-11,2026-05-11,812.71,Italy,Cancelled
310,120,16,2024-10-03,2025-08-27,137.7,Reunion,Cancelled
311,167,23,2023-07-30,2026-04-27,1960.95,Saint Helena,Confirmed
312,75,27,2024-06-04,2025-06-10,1706.29,Canada,Confirmed
313,149,25,2024-11-23,2026-02-25,480.75,Luxembourg,Pending
314,52,4,2023-09-18,2025-12-31,,Djibouti,Cancelled
315,182,17,2024-07-25,2026-02-18,401.67,Mexico,Pending
316,81,25,2023-05-17,2025-09-13,494.04,Angola,Confirmed
317,189,6,2023-09-04,2026-04-05,792.4,Reunion,Cancelled
318,16,14,2024-05-15,2025-07-07,1673.44,Puerto Rico,Confirmed
319,64,20,2024-04-12,2026-02-06,113.05,Bouvet Island (Bouvetoya),Pending
320,168,4,2024-01-02,2026-04-11,353.45,Estonia,Pending
321,145,27,2024-12-06,2025-11-07,1263.92,Vanuatu,Pending
322,106,23,2024-05-20,2025-07-19,510.89,Kyrgyz Republic,Cancelled
323,193,29,2023-11-11,2025-09-22,1119.81,United States Virgin Islands,Confirmed
324,93,19,2024-07-09,2025-06-02,959.88,Dominican Republic,Pending
325,12,9,2023-05-20,2025-07-06,1670.72,Fiji,Cancelled
326,22,11,2025-01-24,2025-12-08,832.57,Sudan,Pending
327,111,11,2025-03-20,2026-05-01,1145.92,Burkina Faso,Cancelled
328,161,8,2024-09-21,2025-08-18,565.68,Morocco,Cancelled
329,138,29,2024-04-18,2025-06-17,1306.47,Ethiopia,Confirmed
330,69,21,2023-05-20,2025-05-18,1529.65,Mongolia,Confirmed
331,87,14,2024-12-12,2025-11-30,410.3,Turkey,Pending
332,108,25,2025-03-28,2025-10-31,,Niue,Pending
333,2,5,2023-09-05,2025-11-20,506.83,Russian Federation,Pending
334,42,3,2023-05-15,2025-08-05,1023.46,Nauru,Cancelled
335,146,2,2023-11-01,2025-06-29,1203.81,Jordan,Confirmed
336,166,15,2024-11-12,2026-03-28,1284.4,Liberia,Pending
337,126,30,2024-12-12,2026-04-02,1392.2,Sierra Leone,Pending
338,56,14,2024-11-22,2026-01-25,1278.85,British Indian Ocean Territory (Chagos Archipelago),Pending
339,162,21,2023-11-22,2026-02-26,1248.74,Saint Pierre and Miquelon,Cancelled
340,116,11,2023-06-01,2025-06-23,556.05,Cayman Islands,Confirmed
341,116,16,2023-05-31,2026-02-01,923.09,French Guiana,Pending
342,37,3,2025-04-15,2026-01-17,869.9,Mayotte,Confirmed
343,139,26,2024-02-25,2026-03-04,1421.35,Liechtenstein,Cancelled
344,163,13,2023-08-27,2025-11-13,1032.95,South Georgia and the South Sandwich Islands,Cancelled
345,46,20,2023-05-28,2026-02-16,287.98,Korea,Cancelled
346,59,27,2025-01-22,2026-04-16,1067.07,Singapore,Pending
347,144,2,2023-07-29,2025-11-09,488.21,Gibraltar,Cancelled
348,193,13,2025-03-17,2026-01-31,239.19,New Zealand,Confirmed
349,182,16,2023-11-18,2025-08-20,1153.35,Malawi,Confirmed
350,31,28,2024-12-28,2025-07-31,1036.39,Netherlands Antilles,Pending
351,70,28,2025-01-07,2026-02-14,1875.61,Marshall Islands,Confirmed
352,99,17,2025-03-07,2025-06-15,1116.44,Madagascar,Pending
353,107,14,2023-09-11,2026-05-09,1492.11,Ethiopia,Confirmed
354,3,29,2024-11-30,2026-04-16,1832.95,French Guiana,Confirmed
355,105,3,2023-12-19,2026-02-02,763.66,Afghanistan,Confirmed
356,128,3,2024-03-09,2025-10-11,1535.72,Mozambique,Pending
357,52,10,2024-10-28,2026-01-18,88.54,Faroe Islands,Cancelled
358,68,20,2024-10-12,2025-08-31,1774.96,Saint Lucia,Pending
359,144,16,2024-12-14,2025-08-25,1563.5,Liberia,Pending
360,8,16,2024-06-15,2026-04-17,591.19,Guatemala,Cancelled
361,25,23,2023-09-28,2026-04-18,430.52,Tokelau,Cancelled
362,158,23,2024-10-29,2025-12-27,888.95,Central African Republic,Cancelled
363,42,9,2023-07-09,2025-10-11,905.19,Suriname,Cancelled
364,79,30,2025-03-31,2025-09-07,1053.83,French Southern Territories,Confirmed
365,127,4,2024-08-20,2026-02-03,545.33,Yemen,Cancelled
366,92,6,2025-01-02,2025-06-09,990.35,Venezuela,Confirmed
367,167,24,2024-05-15,2026-04-25,699.42,Kazakhstan,Cancelled
368,195,6,2024-02-04,2025-07-21,1614.43,Cote d'Ivoire,Confirmed
369,6,13,2023-12-24,2025-08-11,368.25,United Kingdom,Pending
370,26,15,2023-10-28,2025-11-04,1163.48,Iceland,Confirmed
371,84,8,2023-11-10,2025-09-13,294.84,Wallis and Futuna,Pending
372,23,25,2023-10-15,2026-02-27,1529.9,United States of America,Confirmed
373,193,29,2024-12-23,2025-07-06,821.11,India,Pending
374,147,5,2024-06-03,2026-04-12,1115.32,Burkina Faso,Pending
375,105,29,2024-01-28,2026-03-13,391.98,Armenia,Pending
376,12,24,2024-08-15,2025-07-15,1751.43,Falkland Islands (Malvinas),Cancelled
377,32,9,2025-01-29,2026-01-23,1238.6,Bhutan,Cancelled
378,100,29,2024-09-08,2025-07-01,680.62,Turkey,Cancelled
379,152,26,2023-08-22,2025-11-28,186.82,India,Pending
380,83,10,2023-11-02,2025-09-29,257.46,Panama,Cancelled
381,182,16,2024-12-29,2026-03-16,1829.34,Greenland,Cancelled
382,121,7,2023-06-19,2025-11-29,783.83,Grenada,Cancelled
383,125,3,2023-07-07,2026-01-21,532.8,Cayman Islands,Confirmed
384,139,27,2023-08-23,2025-09-13,1001.76,Taiwan,Cancelled
385,151,6,2024-08-26,2025-07-24,1599.07,South Africa,Cancelled
386,34,12,2024-03-25,2025-10-25,1179.86,Peru,Cancelled
387,61,29,2024-08-17,2025-08-08,1272.38,Palau,Cancelled
388,10,14,2025-03-05,2026-03-02,493.54,Benin,Cancelled
389,124,2,2024-11-19,2026-04-09,235.11,Togo,Pending
390,156,14,2023-12-27,2026-05-13,814.14,Armenia,Pending
391,9,28,2024-09-23,2025-07-19,943.71,Algeria,Pending
392,172,2,2025-03-27,2025-07-08,1832.76,Moldova,Cancelled
393,123,13,2024-12-06,2025-12-27,702.26,Nauru,Confirmed
394,64,29,2024-08-16,2026-03-18,311.56,Swaziland,Cancelled
395,30,30,2024-04-03,2026-05-09,315.47,Lao People's Democratic Republic,Confirmed
396,57,22,2024-10-07,2025-07-25,1928.91,Monaco,Cancelled
397,51,25,2024-09-04,2025-08-11,1916.45,New Caledonia,Confirmed
398,51,21,2024-09-21,2026-02-14,79.68,Angola,Pending
399,153,17,2023-06-21,2025-12-25,1866.01,South Africa,Pending
400,112,7,2024-12-06,2025-05-25,74.24,French Southern Territories,Confirmed
401,183,3,2023-08-20,2025-06-10,966.83,Burundi,Cancelled
402,149,14,2025-01-14,2025-11-12,,Norway,Pending
403,11,17,2024-09-26,2025-11-09,769.35,Bouvet Island (Bouvetoya),Pending
404,171,1,2024-05-12,2025-09-09,1965.84,Kyrgyz Republic,Cancelled
405,91,16,2024-12-19,2025-09-23,1971.25,South Georgia and the South Sandwich Islands,Cancelled
406,164,8,2024-03-28,2026-05-06,953.74,Iran,Confirmed
407,121,15,2025-01-01,2025-06-19,1802.69,Nicaragua,Cancelled
408,155,6,2024-01-16,2025-11-27,494.48,Chad,Cancelled
409,50,2,2024-04-17,2025-06-24,1560.83,Cocos (Keeling) Islands,Confirmed
410,63,16,2024-03-19,2026-02-22,656.74,Mauritania,Pending
411,198,27,2024-09-27,2025-12-29,1657.94,Malta,Confirmed
412,58,29,2024-10-20,2026-02-01,1032.3,Korea,Cancelled
413,105,18,2023-07-07,2026-02-14,347.36,Timor-Leste,Cancelled
414,77,10,2024-12-30,2025-09-29,289.32,New Zealand,Cancelled
415,158,20,2023-12-14,2026-04-03,86.39,Svalbard & Jan Mayen Islands,Cancelled
416,173,15,2024-04-19,2025-09-20,1295.21,India,Cancelled
417,84,18,2025-05-13,2025-10-05,1776.19,Ethiopia,Cancelled
418,177,1,2024-12-07,2025-11-18,783.51,Turks and Caicos Islands,Cancelled
419,40,15,2024-04-06,2026-01-27,420.02,Morocco,Confirmed
420,162,15,2023-10-01,2026-01-18,929.81,Chad,Cancelled
421,167,13,2025-02-05,2025-09-21,580.12,Cyprus,Confirmed
422,139,21,2024-10-18,2026-01-26,1175.17,Mauritius,Cancelled
423,192,17,2024-10-24,2025-09-12,1140.16,Norfolk Island,Pending
424,97,12,2023-12-04,2025-08-21,307.76,Samoa,Pending
425,113,11,2023-12-25,2025-11-17,988.2,Micronesia,Pending
426,63,13,2024-07-29,2025-09-10,979.5,Australia,Pending
427,119,15,2024-08-13,2025-09-21,1803.69,Austria,Pending
428,130,8,2023-07-22,2026-02-07,1825.44,Bouvet Island (Bouvetoya),Cancelled
429,130,8,2023-11-11,2025-06-27,990.82,Guyana,Confirmed
430,86,9,2024-07-04,2026-02-09,1200.4,Hong Kong,Pending
431,47,21,2023-06-07,2025-12-12,943.22,Nicaragua,Confirmed
432,83,28,2024-12-07,2026-01-09,228.87,Norway,Confirmed
433,69,13,2024-03-18,2026-04-17,720.56,Kuwait,Pending
434,182,16,2023-06-17,2026-01-18,65.74,Kenya,Cancelled
435,41,10,2023-05-26,2026-04-18,145.17,Bangladesh,Cancelled
436,4,17,2024-11-03,2025-08-15,299.01,United States Virgin Islands,Pending
437,182,3,2023-08-29,2026-04-17,1176.53,Papua New Guinea,Cancelled
438,34,22,2025-04-03,2026-01-04,1644.08,Niger,Pending
439,191,5,2025-04-10,2025-09-24,566.34,Argentina,Confirmed
440,184,13,2023-08-24,2026-02-17,1016.61,Tuvalu,Pending
441,102,29,2024-01-17,2025-10-07,624.86,Malta,Cancelled
442,185,15,2023-12-13,2025-08-20,1420.34,Somalia,Pending
443,135,23,2025-04-19,2026-04-25,1442.36,Saint Martin,Confirmed
444,100,10,2024-11-08,2026-01-10,268.5,Macao,Cancelled
445,106,17,2024-09-21,2025-05-22,325.29,Iceland,Cancelled
446,104,13,2023-12-20,2025-09-19,1278.85,Barbados,Cancelled
447,67,24,2024-09-30,2025-11-18,85.44,Congo,Confirmed
448,129,2,2025-03-26,2026-01-26,466.81,Cote d'Ivoire,Confirmed
449,1,16,2023-12-07,2025-08-23,399.8,Togo,Cancelled
450,199,4,2024-03-03,2025-06-02,69.31,Kuwait,Cancelled
451,67,22,2025-03-14,2025-11-15,1546.6,Mali,Pending
452,106,25,2024-01-04,2025-09-04,66.77,Jordan,Confirmed
453,197,5,2023-07-09,2025-10-13,1555.98,Slovakia (Slovak Republic),Pending
454,190,18,2024-06-10,2025-06-27,659.46,China,Pending
455,194,28,2024-12-08,2025-09-14,755.23,Botswana,Confirmed
456,95,15,2024-09-09,2025-12-21,,Benin,Pending
457,147,14,2024-01-13,2026-05-13,1824.04,Slovenia,Cancelled
458,41,5,2024-01-29,2026-02-08,1826.92,Jordan,Cancelled
459,149,20,2023-11-03,2026-03-23,1249.21,Botswana,Pending
460,116,22,2024-07-28,2026-05-05,513.89,Cuba,Cancelled
461,6,19,2024-01-14,2025-05-27,1139.34,Ethiopia,Cancelled
462,106,12,2025-02-04,2026-02-08,1765.87,Bosnia and Herzegovina,Pending
463,133,15,2023-09-17,2026-04-04,925.06,Syrian Arab Republic,Pending
464,44,7,2024-12-29,2026-01-19,430.22,Niger,Cancelled
465,17,5,2023-08-16,2025-08-12,73.4,Mali,Pending
466,28,27,2023-08-12,2025-05-14,382.03,Qatar,Confirmed
467,24,3,2024-06-26,2025-07-13,1362.88,Nepal,Cancelled
468,133,10,2025-03-04,2025-07-25,707.5,Bouvet Island (Bouvetoya),Pending
469,160,8,2024-10-27,2025-09-11,1078.03,Yemen,Confirmed
470,47,23,2024-12-10,2025-08-02,972.73,Belgium,Cancelled
471,13,10,2024-06-17,2025-11-11,1159.58,Congo,Confirmed
472,166,26,2024-05-31,2025-10-12,1230.24,Qatar,Pending
473,122,18,2023-12-20,2025-08-08,891.77,Namibia,Pending
474,179,12,2024-05-12,2025-08-29,313.95,Serbia,Confirmed
475,109,3,2023-11-26,2026-04-01,411.1,Libyan Arab Jamahiriya,Pending
476,94,30,2024-08-02,2025-07-26,622.33,Cambodia,Pending
477,149,12,2025-01-30,2026-02-20,1581.23,Sudan,Confirmed
478,183,19,2025-01-21,2026-02-15,820.91,Guatemala,Cancelled
479,133,23,2023-06-10,2025-12-30,526.98,Congo,Confirmed
480,195,14,2024-03-18,2026-02-24,87.9,Aruba,Cancelled
481,185,29,2023-09-22,2025-06-25,1986.94,Tanzania,Confirmed
482,83,28,2024-07-07,2026-03-10,141.75,Iceland,Cancelled
483,45,24,2024-05-15,2025-05-26,1459.66,Chad,Confirmed
484,86,6,2023-09-27,2026-01-19,136.45,Russian Federation,Pending
485,27,1,2024-11-29,2025-09-09,1927.21,Kiribati,Pending
486,19,26,2024-05-18,2026-03-06,80.48,Dominica,Cancelled
487,2,23,2025-03-18,2025-07-29,1730.68,Kenya,Confirmed
488,71,24,2023-07-13,2026-03-21,1626.54,United Arab Emirates,Confirmed
489,52,28,2023-11-16,2025-10-24,1713.84,Central African Republic,Pending
490,33,16,2023-10-28,2025-11-18,177.14,Northern Mariana Islands,Cancelled
491,171,25,2024-11-22,2026-03-21,1786.08,Kuwait,Pending
492,66,30,2024-11-16,2025-12-09,170.14,Maldives,Pending
493,46,15,2023-06-25,2025-09-28,79.69,Congo,Pending
494,100,7,2024-02-04,2026-03-10,1138.93,China,Cancelled
495,55,17,2023-12-21,2026-03-13,1142.81,Portugal,Cancelled
496,103,30,2023-09-29,2025-12-17,1787.37,El Salvador,Cancelled
497,188,9,2024-08-05,2026-01-25,1904.87,Uzbekistan,Pending
498,154,25,2023-07-28,2026-05-09,587.05,Mali,Pending
499,145,16,2024-05-09,2025-12-25,169.14,Mexico,Confirmed
500,28,27,2023-10-06,2025-12-16,430.82,Azerbaijan,Cancelled
501,195,1,2024-05-12,2025-06-11,1001.83,Saint Barthelemy,Confirmed
502,150,7,2025-04-30,2026-02-15,931.84,Argentina,Pending
503,36,16,2024-12-31,2026-04-01,1320.2,British Virgin Islands,Pending
504,32,10,2023-08-04,2025-12-20,1008.77,Saint Martin,Pending
505,112,20,2024-07-14,2025-12-01,1695.48,Belgium,Confirmed
506,11,25,2024-10-15,2026-03-09,995.5,Croatia,Cancelled
507,149,29,2023-08-14,2025-09-25,635.21,Saint Lucia,Confirmed
508,118,9,2025-01-10,2026-04-05,1198.52,Mauritius,Cancelled
509,189,5,2024-07-15,2025-10-23,848.11,Sao Tome and Principe,Confirmed
510,27,8,2025-03-11,2026-05-11,289.66,Saint Lucia,Confirmed
511,116,24,2024-03-29,2025-10-02,1999.85,Norway,Pending
512,80,8,2025-01-27,2025-12-25,1277.8,Papua New Guinea,Confirmed
513,52,11,2023-08-09,2025-09-18,1825.18,Uzbekistan,Cancelled
514,17,11,2024-02-14,2025-07-08,143.08,Namibia,Confirmed
515,43,12,2024-09-13,2025-06-12,283.84,Tunisia,Pending
516,197,23,2023-12-15,2026-04-22,1953.68,Montserrat,Confirmed
517,38,11,2025-03-20,2026-03-20,1934.26,Marshall Islands,Pending
518,143,25,2023-05-25,2025-05-25,1124.72,Guinea-Bissau,Confirmed
519,5,11,2023-10-11,2025-08-26,1600.99,Svalbard & Jan Mayen Islands,Confirmed
520,62,5,2023-05-29,2025-11-28,1467.2,Aruba,Confirmed
521,98,17,2025-04-26,2026-04-10,1746.77,Guinea,Pending
522,70,25,2025-03-02,2026-04-08,1150.93,Libyan Arab Jamahiriya,Confirmed
523,174,28,2024-01-24,2026-01-19,1299.01,Pitcairn Islands,Confirmed
524,45,17,2024-10-05,2025-07-07,795.74,Bhutan,Cancelled
525,180,16,2023-10-04,2025-11-22,1177.73,Norway,Cancelled
526,35,12,2023-11-03,2025-07-30,1615.08,Kuwait,Confirmed
527,61,24,2024-04-29,2026-02-05,869.97,Turkey,Cancelled
528,35,12,2024-12-02,2026-02-12,1680.57,Guadeloupe,Pending
529,158,25,2024-06-26,2026-04-14,1145.14,Cocos (Keeling) Islands,Cancelled
530,125,2,2025-01-03,2025-07-17,1216.81,Hungary,Pending
531,21,28,2025-05-02,2026-03-25,348.35,Macao,Pending
532,182,19,2024-09-29,2025-07-18,1010.36,Senegal,Pending
533,68,11,2023-10-07,2026-05-13,61.77,Malta,Cancelled
534,182,23,2024-06-13,2025-06-04,667.72,Bhutan,Cancelled
535,31,9,2024-01-02,2026-05-10,1132.78,Myanmar,Cancelled
536,135,17,2024-06-29,2025-12-08,112.02,Guyana,Cancelled
537,31,13,2024-04-18,2026-01-29,1919.02,Barbados,Cancelled
538,65,8,2024-07-01,2025-09-06,1701.18,Uruguay,Confirmed
539,136,16,2023-06-01,2025-07-14,236.94,Colombia,Confirmed
540,112,16,2024-03-30,2025-06-03,1460.41,Portugal,Confirmed
541,126,9,2023-12-03,2025-11-26,965.83,Niger,Confirmed
542,191,3,2024-04-16,2025-06-26,927.36,Myanmar,Confirmed
543,144,23,2024-05-27,2025-09-24,518.9,Singapore,Pending
544,75,29,2024-02-10,2025-05-26,1490.16,Lebanon,Pending
545,9,3,2024-11-11,2026-02-06,1269.93,Central African Republic,Confirmed
546,135,30,2024-08-01,2026-04-30,630.46,Sudan,Confirmed
547,6,29,2023-11-07,2025-08-03,1964.85,Bangladesh,Pending
548,196,18,2024-04-13,2025-11-18,396.38,Cuba,Cancelled
549,157,23,2023-08-29,2025-06-08,1207.41,Latvia,Cancelled
550,7,27,2023-05-14,2026-03-30,879.7,Guernsey,Cancelled
551,23,20,2024-07-10,2026-01-28,164.32,Montenegro,Pending
552,200,2,2023-10-26,2026-05-10,514.87,Mexico,Confirmed
553,64,4,2023-10-11,2025-11-19,1322.32,Czech Republic,Cancelled
554,28,13,2023-11-04,2026-03-08,308.11,Armenia,Confirmed
555,12,21,2024-03-14,2026-01-17,1885.5,Saint Lucia,Cancelled
556,180,28,2023-07-12,2026-02-10,1863.75,Lebanon,Cancelled
557,25,12,2024-04-09,2026-02-28,1690.74,Dominica,Cancelled
558,31,11,2024-01-25,2025-08-20,210.52,Mozambique,Pending
559,45,29,2024-05-13,2025-06-07,767.03,Palestinian Territory,Pending
560,72,26,2025-02-12,2025-09-15,1998.97,Namibia,Confirmed
561,113,10,2024-07-24,2025-10-16,258.85,Thailand,Pending
562,41,6,2024-05-08,2025-12-23,876.91,Panama,Confirmed
563,190,1,2024-11-15,2025-09-03,323.67,Saint Vincent and the Grenadines,Cancelled
564,143,30,2023-08-10,2026-02-18,1066.4,Saint Pierre and Miquelon,Pending
565,2,11,2024-02-20,2025-08-14,89.19,Australia,Cancelled
566,45,6,2023-11-22,2026-02-06,1583.81,Congo,Cancelled
567,154,17,2025-02-05,2025-05-20,1267.97,Saint Lucia,Confirmed
568,14,27,2024-06-24,2025-12-24,380.24,French Guiana,Pending
569,20,1,2024-05-04,2026-03-07,76.82,Central African Republic,Cancelled
570,144,6,2025-01-19,2025-11-15,225.14,Cook Islands,Cancelled
571,154,17,2023-12-21,2026-04-03,1311.5,Guernsey,Pending
572,12,30,2023-09-02,2025-10-08,1778.27,New Caledonia,Cancelled
573,128,23,2025-04-06,2025-07-10,1829.83,Central African Republic,Pending
574,146,27,2024-07-18,2025-05-30,967.88,Romania,Pending
575,43,21,2024-01-10,2025-08-22,1806.15,Mauritania,Cancelled
576,32,28,2024-10-21,2025-05-14,1131.57,Guam,Confirmed
577,136,3,2023-10-17,2026-01-10,1640.05,United Kingdom,Cancelled
578,55,29,2024-12-27,2025-10-04,749.07,Germany,Confirmed
579,57,27,2025-02-19,2026-04-09,407.65,Sri Lanka,Confirmed
580,37,16,2024-03-22,2025-12-27,,Japan,Cancelled
581,68,30,2024-12-21,2026-02-10,1998.7,Guinea-Bissau,Pending
582,95,4,2025-03-13,2025-11-10,542.35,Bhutan,Confirmed
583,5,30,2025-05-11,2026-04-07,1083.01,Morocco,Pending
584,173,7,2023-08-15,2025-12-22,1909.08,Palestinian Territory,Pending
585,33,7,2024-10-19,2026-03-31,908.88,Cayman Islands,Confirmed
586,161,20,2025-05-05,2025-08-26,64.26,Samoa,Pending
587,23,24,2023-07-01,2026-01-10,140.73,Holy See (Vatican City State),Confirmed
588,162,30,2024-02-14,2026-05-03,761.73,Mozambique,Confirmed
589,134,24,2025-02-02,2026-02-01,871.05,Colombia,Pending
590,93,26,2024-03-09,2025-10-07,425.85,Niger,Confirmed
591,65,25,2024-05-24,2025-06-15,345.49,Afghanistan,Pending
592,89,21,2025-02-28,2026-02-06,1650.84,Guernsey,Cancelled
593,116,18,2023-10-12,2025-06-10,601.66,Senegal,Pending
594,121,21,2024-12-17,2025-07-05,1381.01,Bahamas,Pending
595,150,2,2024-10-24,2026-04-20,499.1,Tajikistan,Confirmed
596,119,28,2023-11-16,2026-02-23,1761.25,British Virgin Islands,Pending
597,16,1,2023-05-26,2025-11-29,790.52,Kenya,Pending
598,35,8,2025-05-11,2025-12-16,1345.85,Rwanda,Confirmed
599,32,25,2024-11-18,2025-10-01,1378.49,Poland,Cancelled
600,79,26,2024-07-04,2025-12-09,757.13,United States of America,Pending
601,135,17,2023-12-10,2026-01-20,1250.65,Ghana,Pending
602,158,2,2023-08-10,2025-08-13,725.16,Australia,Pending
603,176,22,2024-04-18,2026-01-05,1804.55,Myanmar,Confirmed
604,127,15,2025-04-18,2026-05-06,829.27,Saint Barthelemy,Confirmed
605,68,27,2024-05-05,2025-11-11,83.5,Azerbaijan,Pending
606,141,6,2023-12-20,2025-05-16,375.98,Pitcairn Islands,Pending
607,90,13,2023-09-16,2026-03-05,817.35,Falkland Islands (Malvinas),Cancelled
608,32,22,2025-02-09,2026-01-04,1697.92,Pitcairn Islands,Pending
609,48,17,2023-12-29,2025-10-26,720.26,Iraq,Pending
610,70,11,2023-12-12,2025-08-26,1279.81,Colombia,Pending
611,14,16,2023-10-14,2026-03-30,761.54,Serbia,Pending
612,5,26,2025-02-21,2026-01-23,1460.51,Fiji,Confirmed
613,186,5,2024-03-30,2025-10-29,1017.15,Qatar,Cancelled
614,167,3,2024-11-20,2025-10-04,1227.25,Germany,Pending
615,116,29,2023-09-03,2026-03-02,685.89,Bolivia,Pending
616,8,24,2024-02-27,2025-11-25,1178.32,Croatia,Confirmed
617,144,5,2024-08-22,2026-01-27,415.69,Sierra Leone,Confirmed
618,104,17,2024-05-22,2025-08-15,1781.82,Macedonia,Pending
619,133,2,2023-05-26,2025-12-07,1554.82,Svalbard & Jan Mayen Islands,Confirmed
620,27,2,2023-07-07,2026-03-28,752.15,Moldova,Confirmed
621,111,10,2025-03-04,2026-04-11,1922.58,Israel,Confirmed
622,7,16,2024-03-08,2026-04-30,1894.63,Cambodia,Pending
623,188,13,2023-08-14,2025-10-29,1470.27,Madagascar,Confirmed
624,78,24,2023-12-24,2025-10-27,408.92,Malawi,Confirmed
625,144,17,2024-10-16,2025-12-28,843.74,Saint Vincent and the Grenadines,Cancelled
626,198,14,2024-01-03,2025-08-24,1692.15,Djibouti,Cancelled
627,141,9,2024-05-10,2026-03-17,940.73,China,Confirmed
628,150,7,2024-08-20,2026-04-14,1733.17,Aruba,Confirmed
629,58,8,2023-07-29,2025-08-27,1429.91,Mali,Confirmed
630,31,18,2024-02-14,2025-07-08,966.25,Saint Vincent and the Grenadines,Confirmed
631,72,14,2025-01-25,2025-07-10,276.36,Vietnam,Pending
632,31,23,2025-05-04,2026-04-26,301.06,Saint Martin,Pending
633,174,9,2024-01-07,2025-06-16,246.54,Liberia,Confirmed
634,168,28,2024-05-07,2025-06-09,76.37,Equatorial Guinea,Pending
635,138,6,2024-12-12,2025-11-24,908.06,Luxembourg,Pending
636,89,13,2025-04-08,2026-01-11,1929.3,Rwanda,Cancelled
637,27,30,2024-10-07,2025-11-06,1815.39,Portugal,Cancelled
638,112,12,2025-03-29,2025-08-22,869.66,Tajikistan,Confirmed
639,39,1,2024-01-27,2026-02-12,1214.58,Mexico,Confirmed
640,3,9,2025-05-03,2025-12-09,1094.97,Cuba,Pending
641,29,29,2024-09-29,2025-10-21,1835.06,Ethiopia,Pending
642,100,28,2023-08-14,2025-12-15,1444.82,United Kingdom,Cancelled
643,112,22,2024-05-26,2025-11-24,348.19,Belarus,Cancelled
644,122,3,2024-12-11,2025-12-04,430.36,Israel,Pending
645,113,7,2024-01-25,2025-08-02,996.94,British Virgin Islands,Cancelled
646,144,8,2025-02-23,2025-05-21,386.49,Belarus,Confirmed
647,124,6,2023-09-05,2025-11-16,937.33,Ghana,Confirmed
648,28,6,2023-10-09,2026-04-19,1187.76,Tanzania,Confirmed
649,172,20,2024-08-20,2026-03-01,1010.96,Peru,Confirmed
650,99,2,2024-03-26,2025-07-18,1603.8,Netherlands,Confirmed
651,83,8,2024-08-29,2025-11-09,1533.56,Colombia,Cancelled
652,45,28,2024-01-13,2026-02-22,1837.67,Barbados,Pending
653,63,7,2024-10-19,2025-11-03,936.32,Guinea,Cancelled
654,51,5,2024-04-27,2025-12-26,1796.97,Congo,Cancelled
655,173,7,2024-03-01,2025-06-22,504.56,Spain,Cancelled
656,138,21,2024-04-27,2026-02-25,,Bolivia,Pending
657,116,14,2024-06-03,2025-08-15,750.4,Mongolia,Confirmed
658,59,19,2024-12-09,2026-04-21,1672.16,Kenya,Pending
659,181,6,2024-05-16,2025-12-05,1959.28,Macao,Pending
660,130,20,2024-03-13,2025-05-28,1721.68,New Zealand,Confirmed
661,155,6,2023-05-23,2026-04-15,707.94,Saint Barthelemy,Confirmed
662,16,9,2023-09-18,2025-07-21,1297.8,India,Pending
663,77,15,2024-03-03,2025-11-06,646.43,Martinique,Confirmed
664,105,26,2024-08-12,2025-05-15,1994.36,Russian Federation,Cancelled
665,13,9,2024-11-09,2025-11-18,1732.99,Isle of Man,Confirmed
666,39,6,2023-07-07,2026-01-19,1690.56,Kuwait,Confirmed
667,4,14,2025-04-18,2026-03-21,857.43,Israel,Confirmed
668,184,28,2025-01-19,2026-04-27,906.79,Swaziland,Confirmed
669,178,19,2024-11-20,2025-11-07,444.9,Micronesia,Cancelled
670,152,4,2024-11-27,2025-09-22,1331.56,San Marino,Confirmed
671,39,8,2024-06-03,2025-10-14,708.65,Sweden,Pending
672,191,27,2023-11-11,2026-01-21,434.39,Burundi,Cancelled
673,86,29,2023-09-21,2025-07-20,743.44,Nigeria,Pending
674,51,30,2024-12-11,2026-01-26,1381.59,Bolivia,Confirmed
675,185,18,2024-12-12,2025-08-20,1727.89,Tonga,Cancelled
676,4,30,2023-06-08,2026-01-09,1339.95,San Marino,Confirmed
677,100,30,2025-02-13,2026-01-06,1419.15,Congo,Confirmed
678,173,23,2025-05-09,2025-09-06,1232.08,Latvia,Pending
679,89,11,2025-04-15,2026-04-26,1393.41,Palestinian Territory,Cancelled
680,180,4,2024-12-14,2026-04-16,1735.51,Iran,Confirmed
681,185,26,2025-04-12,2025-06-17,1963.55,Guinea-Bissau,Confirmed
682,119,24,2023-08-13,2025-07-26,893.16,El Salvador,Cancelled
683,45,23,2023-11-18,2025-09-12,1747.83,Gibraltar,Confirmed
684,197,8,2023-11-10,2025-09-13,1194.83,Germany,Pending
685,166,14,2024-02-02,2025-08-29,1227.46,Poland,Cancelled
686,67,24,2023-09-07,2025-11-29,1256.27,Bolivia,Confirmed
687,147,28,2023-05-20,2026-01-11,1370.7,Falkland Islands (Malvinas),Cancelled
688,178,25,2025-04-20,2025-12-29,1483.19,Eritrea,Confirmed
689,123,27,2024-06-15,2025-08-27,1652.22,Heard Island and McDonald Islands,Confirmed
690,136,10,2024-08-24,2025-12-12,481.97,Qatar,Confirmed
691,44,29,2023-07-18,2025-11-14,1343.05,Faroe Islands,Cancelled
692,146,20,2024-10-19,2025-08-27,979.91,Maldives,Pending
693,71,7,2023-06-09,2025-07-24,1830.8,Palau,Cancelled
694,170,24,2024-05-19,2025-08-17,80.59,Montserrat,Cancelled
695,171,6,2024-08-01,2025-08-17,1858.51,Australia,Confirmed
696,68,19,2024-01-24,2025-06-28,851.19,Bermuda,Pending
697,190,3,2024-12-29,2025-09-16,1345.11,India,Pending
698,184,18,2024-03-23,2026-02-25,193.0,Tanzania,Cancelled
699,14,21,2024-02-17,2025-07-19,1576.25,Serbia,Pending
700,146,17,2024-07-18,2025-09-05,1458.84,Syrian Arab Republic,Pending
701,91,20,2025-02-14,2026-02-15,1314.28,Guam,Cancelled
702,49,7,2025-04-22,2025-10-03,984.49,Samoa,Confirmed
703,143,30,2024-10-18,2025-11-02,476.33,Jersey,Pending
704,121,15,2024-09-10,2026-01-26,,Jordan,Cancelled
705,166,24,2023-12-11,2025-05-24,405.78,Guernsey,Pending
706,65,15,2024-05-15,2026-03-24,518.28,Uruguay,Cancelled
707,181,8,2024-05-28,2025-12-10,858.57,Mauritania,Cancelled
708,16,4,2023-12-23,2025-09-20,66.46,Cote d'Ivoire,Cancelled
709,77,21,2024-07-17,2025-06-04,979.43,Turkmenistan,Pending
710,91,3,2024-12-10,2025-12-02,1466.7,Turkmenistan,Confirmed
711,138,12,2023-08-19,2025-06-12,1248.94,Chad,Pending
712,166,9,2023-06-20,2025-05-23,411.06,Uruguay,Cancelled
713,183,4,2023-09-08,2025-08-29,1371.28,Jordan,Confirmed
714,84,2,2024-09-28,2025-11-01,1008.5,Netherlands,Confirmed
715,76,15,2024-06-11,2025-08-17,1117.08,Bolivia,Pending
716,28,23,2024-12-11,2025-10-06,795.04,Sierra Leone,Cancelled
717,79,3,2024-07-04,2025-11-27,1788.77,Antigua and Barbuda,Pending
718,192,16,2024-04-24,2026-03-07,1566.36,Solomon Islands,Cancelled
719,137,25,2025-01-21,2025-09-25,1186.69,Iceland,Cancelled
720,68,7,2024-04-19,2025-05-30,602.72,French Polynesia,Cancelled
721,127,27,2025-03-14,2025-08-16,1654.79,Argentina,Confirmed
722,50,20,2024-05-21,2026-04-06,1816.39,Netherlands,Pending
723,29,10,2024-10-28,2025-11-30,1710.59,Congo,Cancelled
724,62,26,2024-03-30,2026-04-25,673.8,Senegal,Pending
725,79,5,2023-07-05,2025-07-03,1794.29,Lao People's Democratic Republic,Pending
726,121,26,2023-11-15,2025-09-08,539.64,Nauru,Confirmed
727,21,29,2023-11-16,2026-03-08,1231.98,Cyprus,Cancelled
728,117,17,2023-12-29,2025-07-02,1251.51,Indonesia,Cancelled
729,128,7,2025-01-29,2025-10-19,1811.7,Paraguay,Confirmed
730,114,22,2024-12-08,2025-09-17,1024.92,Serbia,Cancelled
731,178,14,2025-03-16,2025-09-15,762.35,France,Pending
732,150,29,2024-12-15,2026-03-22,1131.83,Martinique,Confirmed
733,156,10,2024-01-08,2026-05-09,1506.93,Algeria,Cancelled
734,33,9,2024-03-14,2025-12-27,263.3,Saint Kitts and Nevis,Pending
735,41,12,2024-01-21,2026-04-08,986.99,Samoa,Confirmed
736,180,10,2024-05-13,2025-09-05,1331.73,Armenia,Pending
737,30,26,2025-02-04,2025-05-16,181.64,Syrian Arab Republic,Confirmed
738,6,8,2023-09-14,2026-02-13,718.13,Romania,Confirmed
739,8,28,2023-06-08,2025-09-10,567.12,Guatemala,Confirmed
740,59,7,2025-01-11,2026-02-12,598.39,United Kingdom,Confirmed
741,11,11,2024-04-01,2026-01-18,1713.38,Guyana,Pending
742,125,2,2023-07-19,2025-11-21,1493.36,Germany,Pending
743,84,25,2024-08-09,2025-05-21,96.88,United States Minor Outlying Islands,Cancelled
744,16,6,2024-08-22,2025-10-23,899.27,Liechtenstein,Pending
745,119,3,2024-01-16,2025-10-12,1012.57,Isle of Man,Cancelled
746,159,7,2024-02-17,2025-12-31,372.41,Tajikistan,Cancelled
747,99,27,2023-06-12,2025-08-16,945.71,Falkland Islands (Malvinas),Pending
748,139,12,2024-05-31,2025-06-19,1343.22,Malaysia,Pending
749,167,9,2025-02-07,2025-11-13,1828.77,Peru,Pending
750,21,15,2024-10-10,2026-04-18,639.32,Germany,Cancelled
751,175,7,2024-10-10,2026-01-14,1497.23,Ethiopia,Confirmed
752,135,9,2023-07-21,2025-06-16,1803.8,Kazakhstan,Pending
753,31,10,2023-12-31,2025-11-15,681.76,Uruguay,Confirmed
754,79,10,2024-10-12,2025-12-31,667.21,Mauritania,Cancelled
755,120,18,2024-05-29,2025-11-05,445.22,Sao Tome and Principe,Cancelled
756,95,26,2024-03-31,2026-02-11,655.15,Lithuania,Cancelled
757,75,4,2024-04-25,2026-04-17,664.87,French Southern Territories,Cancelled
758,177,3,2023-06-11,2026-02-13,1858.82,Liberia,Cancelled
759,130,16,2023-11-03,2025-05-17,425.03,Peru,Pending
760,146,5,2024-11-10,2026-02-19,562.11,Egypt,Confirmed
761,191,16,2023-12-30,2025-09-24,1355.45,Isle of Man,Pending
762,124,12,2024-02-03,2025-10-16,885.5,Venezuela,Pending
763,180,17,2025-01-20,2026-02-28,1192.47,Lao People's Democratic Republic,Cancelled
764,12,14,2025-03-17,2025-08-01,700.49,Niger,Cancelled
765,41,5,2024-12-15,2025-11-04,814.08,Benin,Confirmed
766,166,15,2023-09-15,2026-05-04,493.15,Turks and Caicos Islands,Pending
767,140,1,2024-01-16,2026-04-08,1624.69,Taiwan,Pending
768,13,18,2024-01-18,2025-12-21,765.83,Honduras,Confirmed
769,81,20,2025-01-18,2026-05-08,1251.97,Palau,Confirmed
770,13,17,2024-06-10,2025-05-16,1044.44,Nepal,Confirmed
771,34,16,2024-02-02,2025-07-04,1002.23,Saint Helena,Pending
772,21,17,2024-06-13,2026-01-02,1836.32,Saudi Arabia,Confirmed
773,9,29,2024-01-17,2025-11-16,1118.37,Germany,Confirmed
774,167,20,2024-06-07,2025-06-22,561.6,Burkina Faso,Pending
775,122,5,2023-07-15,2025-09-02,1579.25,Japan,Cancelled
776,142,22,2024-03-17,2025-09-13,1327.82,Saudi Arabia,Cancelled
777,105,22,2025-04-04,2026-03-03,1955.36,Ecuador,Cancelled
778,130,29,2023-12-29,2025-06-18,1575.08,Serbia,Confirmed
779,33,21,2024-09-23,2025-09-20,1817.05,Tajikistan,Confirmed
780,59,10,2024-08-04,2026-02-25,858.59,Marshall Islands,Pending
781,132,19,2025-03-10,2026-04-26,153.06,Mauritius,Cancelled
782,187,27,2023-05-25,2026-02-05,182.99,Jordan,Pending
783,132,3,2025-02-28,2026-04-05,1333.92,British Indian Ocean Territory (Chagos Archipelago),Cancelled
784,101,15,2024-01-20,2026-03-27,,Nigeria,Cancelled
785,27,22,2024-06-16,2025-09-25,1132.71,Wallis and Futuna,Cancelled
786,43,11,2024-10-17,2026-02-16,375.77,Azerbaijan,Confirmed
787,122,7,2024-06-12,2025-07-23,571.32,Uzbekistan,Cancelled
788,23,9,2024-07-07,2026-02-09,1628.26,Congo,Pending
789,3,5,2025-04-13,2025-05-20,627.7,Guinea,Pending
790,90,8,2024-08-01,2026-01-08,,Cuba,Confirmed
791,4,23,2023-10-06,2026-04-07,1488.57,Niger,Pending
792,10,16,2024-12-10,2026-02-22,1115.85,Slovakia (Slovak Republic),Confirmed
793,36,7,2023-07-26,2025-06-20,555.3,British Indian Ocean Territory (Chagos Archipelago),Confirmed
794,37,2,2024-07-20,2025-08-23,1100.98,Peru,Confirmed
795,169,1,2024-04-22,2025-07-18,549.77,Netherlands Antilles,Cancelled
796,52,26,2024-12-06,2026-02-03,1931.49,Belgium,Cancelled
797,138,19,2023-09-27,2025-06-24,357.69,Seychelles,Cancelled
798,62,20,2023-11-25,2025-08-25,1857.13,Nepal,Cancelled
799,167,29,2024-09-09,2025-06-22,447.0,Northern Mariana Islands,Cancelled
800,9,9,2023-05-18,2025-09-02,510.14,Germany,Cancelled
801,10,23,2023-10-11,2026-03-27,1442.93,Nauru,Cancelled
802,91,22,2024-08-09,2025-10-25,1006.77,Grenada,Confirmed
803,1,2,2025-03-24,2025-10-29,80.99,Chile,Confirmed
804,23,9,2024-07-01,2025-08-19,736.97,Belize,Confirmed
805,112,18,2024-12-31,2026-02-16,839.88,Ghana,Cancelled
806,125,16,2025-04-19,2026-02-19,1402.34,Madagascar,Confirmed
807,182,1,2024-02-04,2025-06-17,1304.94,Faroe Islands,Confirmed
808,140,26,2024-04-16,2026-05-10,515.75,Kyrgyz Republic,Cancelled
809,24,15,2025-01-05,2025-08-24,1548.2,Iran,Cancelled
810,88,9,2024-12-22,2025-12-27,1083.39,Niger,Confirmed
811,124,20,2024-09-27,2026-01-09,118.25,Norway,Pending
812,165,22,2023-10-01,2025-05-16,643.17,San Marino,Cancelled
813,89,26,2023-10-16,2025-06-01,1239.92,Libyan Arab Jamahiriya,Cancelled
814,38,28,2025-01-14,2026-02-19,1533.96,Trinidad and Tobago,Pending
815,167,30,2023-10-02,2025-07-05,271.68,United Kingdom,Pending
816,149,25,2024-07-03,2026-04-16,313.41,Norway,Pending
817,65,11,2023-11-19,2026-02-06,580.11,Togo,Cancelled
818,191,3,2024-01-14,2025-06-20,1756.92,Anguilla,Confirmed
819,196,30,2024-08-14,2025-07-14,1687.35,Argentina,Confirmed
820,138,7,2025-01-25,2026-05-12,692.15,Bolivia,Confirmed
821,118,10,2023-10-31,2025-12-25,850.79,Seychelles,Confirmed
822,199,2,2024-08-17,2025-12-10,265.66,United States Virgin Islands,Cancelled
823,163,14,2023-06-19,2025-07-11,1986.26,Iceland,Cancelled
824,6,16,2023-08-31,2025-09-17,949.51,New Zealand,Cancelled
825,94,22,2024-06-28,2025-09-06,546.88,Mauritius,Cancelled
826,179,10,2024-08-10,2025-11-01,1795.05,Niue,Confirmed
827,6,6,2024-09-25,2026-01-24,87.16,Thailand,Pending
828,24,3,2023-11-14,2026-01-15,224.34,Norway,Cancelled
829,85,1,2025-02-01,2025-12-17,118.72,Somalia,Pending
830,27,26,2024-01-20,2026-01-28,1492.04,Turkey,Pending
831,156,13,2025-03-10,2025-09-09,632.85,Guinea-Bissau,Confirmed
832,80,22,2024-02-21,2026-01-31,1272.53,Dominican Republic,Cancelled
833,39,2,2023-11-25,2025-07-18,1540.54,Dominican Republic,Cancelled
834,66,9,2025-04-19,2025-08-24,1376.56,Norfolk Island,Pending
835,36,30,2024-10-13,2025-06-20,652.2,Northern Mariana Islands,Cancelled
836,129,12,2025-05-13,2026-03-10,1315.9,Montenegro,Pending
837,86,7,2024-03-29,2025-06-25,1364.64,Palestinian Territory,Cancelled
838,66,22,2024-07-06,2025-12-23,1906.16,Brunei Darussalam,Confirmed
839,180,5,2025-01-12,2026-03-28,1637.57,Jordan,Cancelled
840,151,29,2023-07-09,2026-01-24,1585.71,Greenland,Pending
841,37,25,2024-09-09,2025-11-01,1659.84,Seychelles,Confirmed
842,147,25,2024-02-27,2026-02-18,1797.96,Ethiopia,Pending
843,157,24,2024-06-16,2025-06-20,1882.27,Guinea-Bissau,Pending
844,153,1,2024-01-26,2025-06-07,1320.2,Indonesia,Confirmed
845,108,9,2024-03-25,2026-04-20,1744.94,Namibia,Cancelled
846,185,14,2024-07-16,2025-07-07,1560.81,Isle of Man,Cancelled
847,66,30,2023-12-15,2025-09-15,843.93,Rwanda,Confirmed
848,1,25,2023-06-07,2025-07-16,1873.2,Bolivia,Confirmed
849,167,4,2024-08-22,2026-04-08,1021.69,Cayman Islands,Confirmed
850,85,24,2023-08-15,2025-06-07,1310.77,Guadeloupe,Pending
851,11,14,2024-04-21,2025-11-23,384.28,Maldives,Confirmed
852,135,19,2024-04-05,2025-07-11,1972.01,Equatorial Guinea,Cancelled
853,6,13,2025-02-19,2026-02-18,577.31,Sierra Leone,Pending
854,178,5,2025-03-24,2026-05-02,532.47,Mauritania,Cancelled
855,134,5,2024-02-21,2026-01-18,143.3,Hong Kong,Confirmed
856,143,1,2023-12-25,2025-06-14,1263.95,Qatar,Cancelled
857,53,12,2023-08-20,2026-05-09,498.01,Papua New Guinea,Cancelled
858,53,1,2024-11-28,2025-07-21,294.48,Guinea,Pending
859,190,13,2025-04-21,2025-11-30,1335.47,Brunei Darussalam,Cancelled
860,117,19,2024-12-05,2025-09-13,884.89,Croatia,Pending
861,166,11,2023-06-10,2025-12-13,89.74,Turks and Caicos Islands,Cancelled
862,34,24,2023-11-22,2025-09-28,1171.03,Sweden,Cancelled
863,41,24,2024-07-19,2025-07-17,607.36,Slovenia,Pending
864,16,3,2024-01-06,2026-04-10,213.36,Zimbabwe,Cancelled
865,90,2,2024-02-03,2025-12-10,839.1,New Caledonia,Pending
866,152,24,2025-05-12,2026-04-28,1588.34,Saint Pierre and Miquelon,Cancelled
867,124,22,2024-07-28,2025-12-26,130.33,Ghana,Confirmed
868,40,7,2023-09-16,2025-09-13,632.17,Turks and Caicos Islands,Cancelled
869,100,28,2023-08-08,2025-09-30,1376.23,Cyprus,Confirmed
870,86,28,2024-03-30,2025-05-27,205.43,United States Virgin Islands,Confirmed
871,53,28,2024-08-25,2026-02-20,889.09,Dominican Republic,Confirmed
872,115,20,2024-11-15,2026-04-21,903.89,Gabon,Confirmed
873,46,21,2023-10-05,2026-05-13,1847.14,Hungary,Cancelled
874,189,20,2024-11-09,2025-09-04,286.79,Spain,Confirmed
875,55,10,2024-05-11,2025-10-08,1893.54,Anguilla,Confirmed
876,147,5,2023-12-10,2025-10-22,1858.1,Bhutan,Confirmed
877,71,10,2025-04-05,2025-12-24,678.93,El Salvador,Cancelled
878,172,21,2024-06-13,2025-06-13,1888.23,Saint Barthelemy,Confirmed
879,147,8,2024-05-26,2025-08-10,1478.7,Nigeria,Cancelled
880,68,3,2023-12-09,2025-09-09,528.47,Dominica,Confirmed
881,69,11,2024-08-18,2026-02-22,542.32,Honduras,Cancelled
882,125,9,2024-07-13,2026-04-14,158.38,Hungary,Pending
883,92,20,2024-05-10,2025-11-24,1226.81,French Guiana,Confirmed
884,101,19,2025-01-18,2026-01-06,1247.67,India,Confirmed
885,107,25,2023-08-26,2025-11-09,510.32,United States Virgin Islands,Cancelled
886,167,14,2023-05-16,2026-02-26,483.71,Bangladesh,Pending
887,90,4,2023-11-18,2025-09-17,1683.36,Italy,Confirmed
888,196,21,2023-08-03,2025-10-12,1007.0,Iceland,Cancelled
889,143,13,2025-05-09,2025-10-03,1542.36,Albania,Confirmed
890,190,3,2024-11-28,2026-01-14,67.23,Belgium,Pending
891,11,9,2024-02-27,2025-06-02,114.49,Denmark,Pending
892,120,17,2025-02-07,2026-04-02,269.57,Zambia,Pending
893,173,23,2024-07-16,2026-01-15,1723.76,Benin,Cancelled
894,42,26,2023-07-23,2025-09-22,1285.73,Angola,Confirmed
895,160,11,2023-05-25,2025-12-12,57.02,Hong Kong,Pending
896,21,14,2023-06-25,2026-01-04,1450.22,Saudi Arabia,Cancelled
897,53,26,2024-06-04,2026-03-15,1582.99,Tonga,Confirmed
898,91,7,2024-10-19,2025-09-23,460.96,Vanuatu,Pending
899,197,17,2025-05-09,2025-05-15,146.76,Grenada,Confirmed
900,78,30,2023-06-29,2026-04-12,1387.15,Cameroon,Pending
901,90,13,2024-04-11,2025-09-25,619.67,Serbia,Confirmed
902,19,3,2023-09-07,2025-11-03,726.97,British Indian Ocean Territory (Chagos Archipelago),Confirmed
903,109,20,2025-02-12,2026-01-14,632.96,Sudan,Cancelled
904,174,7,2024-08-18,2025-05-30,1661.96,Turkmenistan,Pending
905,120,28,2024-11-05,2026-01-27,978.15,Switzerland,Confirmed
906,86,19,2023-07-24,2026-01-31,1820.64,Myanmar,Pending
907,154,11,2025-05-03,2026-02-12,1848.82,Bermuda,Confirmed
908,63,4,2023-10-09,2025-07-29,961.37,Guam,Pending
909,31,7,2023-12-03,2025-10-08,1944.3,Brazil,Cancelled
910,122,19,2024-06-14,2026-01-20,1819.33,Niue,Pending
911,66,10,2024-11-25,2025-11-28,1618.57,Bouvet Island (Bouvetoya),Pending
912,153,3,2023-10-11,2026-03-25,1065.09,Sri Lanka,Pending
913,161,10,2024-04-15,2025-08-16,1772.42,Mozambique,Confirmed
914,45,3,2024-05-08,2025-06-03,629.88,Libyan Arab Jamahiriya,Confirmed
915,57,14,2023-09-07,2025-12-02,1785.74,Pakistan,Cancelled
916,171,14,2023-10-17,2026-03-24,1136.0,Chile,Confirmed
917,163,3,2024-06-14,2025-09-24,1850.0,Sierra Leone,Cancelled
918,94,18,2023-12-09,2025-09-09,696.15,India,Pending
919,8,27,2025-02-08,2025-12-10,1461.75,Mexico,Cancelled
920,148,1,2025-04-14,2025-12-11,976.71,Gambia,Confirmed
921,100,25,2024-08-13,2026-02-06,121.17,Chile,Pending
922,85,9,2024-04-26,2025-05-31,,Sudan,Confirmed
923,188,14,2025-05-01,2025-06-29,1733.38,Burkina Faso,Confirmed
924,137,15,2024-07-21,2025-12-29,552.94,Mauritius,Cancelled
925,114,14,2024-03-30,2025-07-05,1204.38,Sierra Leone,Pending
926,135,14,2024-03-17,2025-07-03,439.98,Heard Island and McDonald Islands,Pending
927,185,23,2024-03-19,2026-02-26,1763.51,Antigua and Barbuda,Pending
928,38,26,2024-07-24,2026-03-01,230.27,Burundi,Confirmed
929,160,14,2024-02-22,2025-06-04,1713.99,Jamaica,Pending
930,58,29,2024-11-01,2025-12-02,1722.4,Honduras,Confirmed
931,171,18,2024-08-02,2025-07-18,1676.63,Gibraltar,Pending
932,193,30,2025-04-24,2026-04-21,600.47,Tonga,Confirmed
933,160,6,2024-12-12,2025-11-05,,Azerbaijan,Confirmed
934,18,20,2024-12-21,2025-10-23,497.44,Spain,Cancelled
935,154,21,2024-05-08,2025-07-22,1082.48,Antarctica (the territory South of 60 deg S),Pending
936,163,14,2024-09-03,2026-03-27,66.32,Czech Republic,Confirmed
937,191,21,2024-01-10,2025-08-21,1113.26,Bhutan,Cancelled
938,125,20,2024-12-22,2025-07-26,1038.5,Kyrgyz Republic,Cancelled
939,96,6,2024-05-03,2025-10-28,1197.46,Burundi,Pending
940,167,4,2023-07-28,2025-10-07,1375.68,Tokelau,Pending
941,41,21,2023-08-28,2026-04-09,1065.38,Nigeria,Cancelled
942,135,4,2024-02-07,2025-07-24,428.24,Montserrat,Pending
943,133,27,2024-04-15,2025-07-21,431.53,Micronesia,Cancelled
944,122,2,2023-12-29,2026-02-26,194.95,France,Cancelled
945,97,5,2023-06-04,2025-06-09,240.01,Bangladesh,Confirmed
946,60,23,2024-11-22,2025-09-29,1779.63,Vietnam,Cancelled
947,14,24,2024-12-12,2026-02-13,,Georgia,Confirmed
948,8,3,2024-05-22,2025-08-26,1517.37,Cote d'Ivoire,Pending
949,78,8,2023-06-27,2026-01-28,605.37,Central African Republic,Pending
950,71,15,2024-11-16,2025-10-16,973.91,Lithuania,Cancelled
951,108,11,2023-06-10,2025-07-21,1812.65,Barbados,Confirmed
952,79,8,2023-05-28,2025-12-17,395.38,Faroe Islands,Cancelled
953,86,24,2024-06-21,2026-02-24,1633.33,Korea,Confirmed
954,176,4,2023-07-01,2025-07-08,1469.23,Saint Helena,Pending
955,118,13,2023-08-02,2025-11-27,770.29,Zambia,Confirmed
956,101,20,2025-02-09,2025-11-29,1815.95,Belarus,Confirmed
957,54,10,2024-02-28,2026-01-17,1215.44,Chad,Pending
958,47,4,2023-10-28,2025-07-07,1724.25,Antigua and Barbuda,Confirmed
959,119,28,2023-10-24,2025-10-30,399.06,Bosnia and Herzegovina,Cancelled
960,17,8,2024-08-03,2025-11-12,938.72,Malta,Cancelled
961,156,23,2023-10-20,2025-11-27,1195.55,Indonesia,Pending
962,171,30,2024-12-12,2025-09-23,261.83,Russian Federation,Confirmed
963,124,16,2024-06-28,2026-03-16,1050.27,Congo,Pending
964,18,27,2023-06-08,2026-04-28,394.05,Anguilla,Cancelled
965,17,18,2023-08-26,2026-03-26,1169.19,Nigeria,Pending
966,3,6,2025-02-22,2026-01-21,1375.54,Chad,Confirmed
967,32,2,2023-10-10,2025-06-03,541.99,Bosnia and Herzegovina,Pending
968,148,13,2024-08-18,2025-09-09,940.29,Mongolia,Pending
969,133,27,2023-08-19,2025-06-26,951.83,Romania,Pending
970,176,7,2023-06-30,2026-01-04,178.29,Korea,Cancelled
971,76,18,2023-06-17,2026-03-19,551.92,United States Virgin Islands,Pending
972,92,29,2023-07-21,2025-07-06,552.21,Bermuda,Cancelled
973,48,9,2023-10-04,2025-07-01,1523.21,Iran,Pending
974,94,27,2024-08-19,2025-05-21,702.68,Syrian Arab Republic,Confirmed
975,69,7,2024-08-24,2025-05-31,1285.75,Costa Rica,Confirmed
976,95,4,2023-09-22,2026-05-12,1439.42,Netherlands Antilles,Pending
977,134,21,2023-08-03,2026-02-13,391.9,Germany,Pending
978,23,20,2024-04-22,2025-07-16,1646.27,Fiji,Confirmed
979,53,24,2023-12-15,2025-11-04,474.52,Micronesia,Pending
980,76,14,2024-11-30,2025-09-04,385.35,Antarctica (the territory South of 60 deg S),Pending
981,3,12,2023-08-17,2026-01-06,873.81,Lebanon,Pending
982,73,4,2024-09-25,2026-01-21,900.94,Bahrain,Pending
983,89,15,2023-07-02,2025-10-24,1362.86,Saint Lucia,Pending
984,104,9,2023-07-27,2025-09-18,1856.94,Nicaragua,Pending
985,7,5,2024-09-16,2025-06-10,863.58,Kenya,Confirmed
986,38,29,2025-01-08,2026-01-15,1347.77,Norway,Cancelled
987,93,8,2024-07-06,2025-11-22,1547.52,France,Pending
988,173,4,2025-02-16,2025-12-13,252.0,Ethiopia,Cancelled
989,165,9,2024-07-25,2025-12-27,332.86,Burkina Faso,Confirmed
990,21,14,2024-03-01,2025-08-12,1625.81,United States Minor Outlying Islands,Pending
991,23,29,2025-05-06,2025-06-19,1695.85,Cayman Islands,Confirmed
992,191,16,2023-12-11,2026-05-05,725.09,Wallis and Futuna,Pending
993,109,24,2024-06-26,2026-03-14,889.82,United States Minor Outlying Islands,Cancelled
994,41,13,2024-03-17,2025-10-26,1583.06,Montserrat,Pending
995,138,12,2023-07-24,2025-08-07,500.1,Sri Lanka,Pending
996,78,27,2024-02-16,2026-01-27,296.76,American Samoa,Confirmed
997,24,5,2023-08-08,2026-04-16,800.7,Djibouti,Confirmed
998,129,25,2023-07-24,2026-03-17,1201.23,Botswana,Confirmed
999,162,26,2024-07-10,2025-10-16,835.45,Faroe Islands,Pending
1000,11,13,2024-07-15,2026-03-29,1029.34,Tunisia,Cancelled
223,22,2,2023-12-04,2025-10-15,958.3,Guyana,Pending
688,178,25,2025-04-20,2025-12-29,1483.19,Eritrea,Confirmed
222,87,25,2025-01-21,2025-07-18,688.74,Mali,Cancelled
187,23,25,2024-04-09,2025-11-21,1848.93,Russian Federation,Cancelled
107,29,5,2023-10-11,2025-08-22,1164.25,Uruguay,Confirmed
276,87,3,2025-02-21,2026-04-15,1843.86,Norway,Pending
300,62,4,2023-06-17,2026-02-04,,Mauritius,Pending
140,43,21,2024-04-02,2026-03-12,154.69,Antigua and Barbuda,Confirmed
580,37,16,2024-03-22,2025-12-27,,Japan,Cancelled
895,160,11,2023-05-25,2025-12-12,57.02,Hong Kong,Pending
